gene_name	baseMean	log2FoldChange	lfcSE	stat	pvalue	padj	ACHN_DNMT3AmutP904L_1	ACHN_DNMT3AmutP904L_2	ACHN_DNMT3AmutP904L_3	ACHN_DNMT3Awt_1	ACHN_DNMT3Awt_2	ACHN_DNMT3Awt_3	symbol	description	term	threshold
ENSG00000138166	1058.824	-0.425	0.077	-5.511	3.57551926545712e-08	1.49025177108897e-05	942.33	951.46	819.31	1218.97	1181.19	1239.69	DUSP5	dual	specificity	TRUE
ENSG00000260539	552.406	-0.538	0.104	-5.159	2.47989651489843e-07	5.87735474030927e-05	513.7	393.98	441.38	638.92	700.41	626.04	NA	NA	NA	TRUE
ENSG00000134333	22240.364	-0.225	0.045	-4.958	7.11963151162e-07	0.000138337300699885	20615.63	21235.17	19677.34	23705.53	23588.34	24620.18	LDHA	lactate	dehydrogenase	TRUE
ENSG00000205542	34182.742	-0.224	0.046	-4.851	1.22690425089597e-06	0.000197634506013056	32918.78	31269.73	30410.26	37675.68	37210.97	35611.03	TMSB4X	thymosin	beta	TRUE
ENSG00000183808	981.004	0.368	0.077	4.782	1.73443435500333e-06	0.000252579615047293	1036.48	1104.73	1175.18	889.69	842.12	837.82	RBM12B	RNA	binding	TRUE
ENSG00000113249	6339.002	0.36	0.076	4.714	2.43318340419745e-06	0.000330448177601512	6201.54	7453.82	7723.26	5888.77	5002.08	5764.54	HAVCR1	hepatitis	A	TRUE
ENSG00000166750	4564.599	0.268	0.057	4.683	2.82495592858018e-06	0.000359423603249986	4681.09	4924.18	5355.43	4060.32	4163	4203.57	SLFN5	schlafen	family	TRUE
ENSG00000258486	2616.181	0.313	0.067	4.665	3.08975542824222e-06	0.000377231049102664	2636.21	3170	2893.81	2297.28	2383.63	2316.15	NA	NA	NA	TRUE
ENSG00000177200	2761.179	0.337	0.072	4.652	3.29503525726161e-06	0.000398270911545211	2779.91	3106.42	3361.86	2393.23	2301.65	2624	CHD9	chromodomain	helicase	TRUE
ENSG00000138685	8124.195	0.301	0.066	4.575	4.76584599715069e-06	0.000528484225390462	8130.8	8918.47	9860.28	7215.68	6903.93	7716.02	FGF2	fibroblast	growth	TRUE
ENSG00000151718	2843.955	0.341	0.075	4.573	4.81218620611689e-06	0.00052877176975759	2811.3	3269.92	3456.57	2549.15	2325.94	2650.86	WWC2	WW	and	TRUE
ENSG00000171681	1362.442	0.404	0.089	4.564	5.02687140364003e-06	0.000534223424944139	1314.8	1649.72	1693.8	1105.57	1171.07	1239.69	ATF7IP	activating	transcription	TRUE
ENSG00000071537	3005.006	0.3	0.066	4.539	5.6394122859648e-06	0.000582594669234671	3063.19	3292.63	3593.58	2713.78	2547.6	2819.25	SEL1L	SEL1L	adaptor	TRUE
ENSG00000177034	431.129	0.524	0.117	4.495	6.96267024360263e-06	0.000701314960286875	443.5	502.98	579.31	389.24	338.06	333.68	MTX3	metaxin	3	TRUE
ENSG00000177463	311.564	0.642	0.145	4.417	1.00308273880219e-05	0.000943823593337842	295.67	433.72	411.04	275.85	219.64	233.47	NR2C2	nuclear	receptor	TRUE
ENSG00000121691	2841.492	0.274	0.062	4.402	1.07201517360558e-05	0.000984348854593077	2874.06	3241.53	3218.41	2566.59	2472.7	2675.66	CAT	catalase	aminoacylase	TRUE
ENSG00000177600	9370.385	-0.271	0.062	-4.399	1.08672224513609e-05	0.000984348854593077	9216	8214.53	8045.1	9878.21	11029.48	9838.98	RPLP2	ribosomal	protein	TRUE
ENSG00000187498	22675.201	0.208	0.047	4.398	1.09127779031581e-05	0.000984348854593077	23317.09	25308.94	24292.53	20405.16	20966.85	21760.63	COL4A1	collagen	type	TRUE
ENSG00000124171	655.354	-0.504	0.115	-4.383	1.17263864911464e-05	0.00102707850375715	673.09	478	471.73	789.38	736.85	783.07	PARD6B	par-6	family	TRUE
ENSG00000005483	3370.933	0.32	0.073	4.362	1.28977983132841e-05	0.00109785695924412	3244.89	3902.33	4086.46	2978.73	2915.01	3098.18	KMT2E	lysine	methyltransferase	TRUE
ENSG00000115904	1785.487	0.297	0.068	4.334	1.46506893447982e-05	0.00122126125593501	1847.5	1991.47	2068.06	1537.34	1553.66	1714.9	SOS1	SOS	Ras/Rac	TRUE
ENSG00000113441	1977.096	0.374	0.086	4.323	1.542084206461e-05	0.00124441185811131	1948.25	2303.7	2445.07	1680.17	1559.74	1925.65	LNPEP	leucyl	and	TRUE
ENSG00000263731	116.205	-1.059	0.245	-4.321	1.55461397017297e-05	0.00124441185811131	110.67	64.72	49.66	171.18	181.18	119.84	AC145207.5	NA	NA	TRUE
ENSG00000168615	16604.996	0.282	0.065	4.313	1.60911549232095e-05	0.00126745467589157	16449.07	18733.91	19486.07	14833.68	13959.68	16167.58	ADAM9	ADAM	metallopeptidase	TRUE
ENSG00000139218	4713.391	0.304	0.071	4.288	1.80015321412137e-05	0.00136845609428207	4664.57	5318.16	5642.33	4074.49	3994.99	4585.81	SCAF11	SR-related	CTD	TRUE
ENSG00000115977	422.886	0.547	0.128	4.279	1.87772784926765e-05	0.00140969543565827	411.29	563.15	533.34	363.07	293.53	372.94	AAK1	AP2	associated	TRUE
ENSG00000148700	2758.165	0.269	0.063	4.248	2.16166793645541e-05	0.00153694590281979	2755.14	3076.9	3213.81	2472.82	2485.86	2544.46	ADD3	adducin	3	TRUE
ENSG00000133116	1130.141	0.344	0.081	4.238	2.2504644448608e-05	0.00154553203096775	1157.88	1310.24	1325.98	1009.63	908.92	1068.2	KL	klotho	beta-glucuronidase	TRUE
ENSG00000132432	1575.21	-0.279	0.066	-4.233	2.30471557005608e-05	0.00156500545479033	1497.32	1377.23	1393.11	1691.07	1813.79	1678.74	SEC61G	Sec61	translocon	TRUE
ENSG00000109572	5359.704	0.274	0.065	4.228	2.36272013077879e-05	0.00158656656781796	5340.97	5916.51	6345.78	4742.85	4649.85	5162.26	CLCN3	chloride	voltage-gated	TRUE
ENSG00000103316	608.007	-0.371	0.088	-4.216	2.48511328034064e-05	0.00165041561645479	535.17	537.04	518.62	701.07	713.57	642.57	CRYM	crystallin	mu	TRUE
ENSG00000157827	14109.593	0.232	0.055	4.2	2.67279476480142e-05	0.00176535903399753	14508.25	14890.62	16325.6	13465.34	12276.46	13191.3	FMNL2	formin	like	TRUE
ENSG00000138593	4258.831	0.283	0.068	4.176	2.96602998479891e-05	0.00188419059644969	4304.49	4635.79	5084.16	4037.42	3534.45	3956.67	SECISBP2L	SECIS	binding	TRUE
ENSG00000158769	1526.392	-0.296	0.071	-4.173	2.99978649557611e-05	0.00188845934229315	1440.34	1373.82	1296.56	1689.98	1791.52	1566.14	F11R	F11	receptor	TRUE
ENSG00000111716	42980.135	-0.209	0.05	-4.162	3.1539174427957e-05	0.00194496939444243	42444.49	37951.49	39217.66	45117.05	47742.47	45407.66	LDHB	lactate	dehydrogenase	TRUE
ENSG00000115020	2405.731	0.294	0.071	4.164	3.13244594172599e-05	0.00194496939444243	2490.03	2602.31	2858.86	2170.81	1983.83	2328.54	PIKFYVE	phosphoinositide	kinase,	TRUE
ENSG00000123636	1783.217	0.317	0.076	4.156	3.23915842415996e-05	0.00197735898347583	1752.52	2063	2121.39	1610.39	1494.96	1657.05	BAZ2B	bromodomain	adjacent	TRUE
ENSG00000150938	11122.848	0.296	0.071	4.152	3.2997490933502e-05	0.00199642833577554	10589.44	12785.61	13402.36	9739.74	9668.13	10551.8	CRIM1	cysteine	rich	TRUE
ENSG00000175548	212.627	0.653	0.158	4.128	3.65140088203336e-05	0.00219574539607648	208.95	299.74	272.19	175.54	143.73	175.62	ALG10B	ALG10	alpha-1,2-glucosyltransferase	TRUE
ENSG00000163386	809.98	-0.423	0.103	-4.094	4.23358046339666e-05	0.00246015803178247	825.88	613.11	634.49	925.67	991.91	868.81	NA	NA	NA	TRUE
ENSG00000154874	107.602	0.887	0.218	4.073	4.63383282010791e-05	0.00261458995473314	105.71	182.8	131.49	75.23	71.86	78.51	CCDC144B	coiled-coil	domain	TRUE
ENSG00000167378	532.562	-0.443	0.109	-4.058	4.95721601262837e-05	0.00269345174256009	527.74	384.9	438.62	609.48	644.74	589.88	IRGQ	immunity	related	TRUE
ENSG00000144366	3391.314	0.313	0.077	4.042	5.31052484382538e-05	0.00281527692049638	3281.22	4005.65	3988.07	3028.88	2771.29	3272.77	GULP1	GULP	PTB	TRUE
ENSG00000169871	1421.72	0.32	0.079	4.04	5.35562945495958e-05	0.00282679009703478	1421.34	1642.91	1672.65	1374.88	1194.35	1224.19	TRIM56	tripartite	motif	TRUE
ENSG00000260597	99.297	0.845	0.21	4.03	5.57468135844134e-05	0.00288060738764745	113.97	122.62	146.21	66.51	60.73	85.74	AC012531.1	NA	NA	TRUE
ENSG00000127884	4069.178	-0.225	0.056	-4.021	5.78807292325937e-05	0.00297703989035898	3936.97	3744.51	3573.35	4247.85	4596.21	4316.18	ECHS1	enoyl-CoA	hydratase,	TRUE
ENSG00000156535	5206.253	0.3	0.075	3.998	6.3928152522809e-05	0.00317983366067157	4884.26	6016.42	6338.42	4640.36	4575.97	4782.09	CD109	CD109	molecule	TRUE
ENSG00000095564	2057.544	0.281	0.071	3.979	6.9296110286048e-05	0.00337734711704622	2087.83	2267.37	2417.48	1917.86	1713.58	1941.14	BTAF1	B-TFIID	TATA-box	TRUE
ENSG00000090615	4028.677	-0.232	0.058	-3.969	7.22254915746145e-05	0.00346598104411223	3993.13	3520.84	3599.1	4248.94	4499.04	4311.01	GOLGA3	golgin	A3	TRUE
ENSG00000058063	1179.418	0.307	0.078	3.924	8.70611812696356e-05	0.00392652424629136	1177.71	1361.33	1376.56	1057.6	1001.02	1102.29	ATP11B	ATPase	phospholipid	TRUE
ENSG00000109265	371.217	0.435	0.111	3.916	9.01285304652212e-05	0.00399041592576238	391.47	453.02	436.78	309.65	299.6	336.78	KIAA1211	KIAA1211	NA	TRUE
ENSG00000104067	5150.996	0.258	0.066	3.88	0.000104416891630962	0.00442837533032785	5059.35	5771.18	6002.79	4451.74	4603.29	5017.63	TJP1	tight	junction	TRUE
ENSG00000114439	2392.073	0.303	0.078	3.881	0.000103964534358393	0.00442837533032785	2282.73	2755.59	2890.13	2220.96	2026.34	2176.68	BBX	BBX	high	TRUE
ENSG00000265150	3375.581	0.256	0.066	3.872	0.000108029198897718	0.00456555568907945	3453.01	4043.12	3529.21	3250.22	2971.7	3006.24	NA	NA	NA	TRUE
ENSG00000122008	972.478	0.303	0.079	3.824	0.000131388885129292	0.00540169202230528	986.93	1099.06	1137.48	875.52	834.02	901.87	POLK	DNA	polymerase	TRUE
ENSG00000187079	3978.353	0.235	0.062	3.798	0.00014612750445098	0.00584848723940064	3984.05	4280.41	4639.1	3725.59	3491.94	3749.02	TEAD1	TEA	domain	TRUE
ENSG00000102531	3719.847	0.27	0.071	3.79	0.000150930778174905	0.00598131251081991	3675.99	4202.07	4323.7	3438.84	3065.83	3612.65	FNDC3A	fibronectin	type	TRUE
ENSG00000167772	221.743	-0.517	0.137	-3.789	0.000151520512012566	0.00598506022449637	184.17	171.44	191.27	237.69	279.36	266.53	ANGPTL4	angiopoietin	like	TRUE
ENSG00000155368	6295.273	-0.176	0.047	-3.753	0.00017446816433557	0.0065086317972964	5943.86	6003.93	5789.45	6800.27	6476.8	6757.33	DBI	diazepam	binding	TRUE
ENSG00000172840	598.793	0.407	0.109	3.746	0.000179525192890217	0.0065755182014062	561.6	727.78	760.46	492.82	526.32	523.77	PDP2	pyruvate	dehyrogenase	TRUE
ENSG00000163694	2385.087	0.233	0.062	3.731	0.000190729256571241	0.00692295652905882	2395.88	2646.59	2690.59	2190.43	2120.47	2266.56	RBM47	RNA	binding	TRUE
ENSG00000135127	1111.242	0.308	0.083	3.727	0.000193862666225271	0.00699468073631299	1162.84	1288.67	1238.63	880.97	1088.07	1008.28	BICDL1	BICD	family	TRUE
ENSG00000130779	5480.331	0.239	0.064	3.722	0.000197744914910359	0.00711352019798069	5554.87	5755.28	6490.15	4815.9	4892.77	5373.01	CLIP1	CAP-Gly	domain	TRUE
ENSG00000270696	406.771	-0.396	0.107	-3.714	0.000204022233852601	0.00731755709369849	373.3	315.64	363.22	465.56	481.79	441.12	AC005034.3	NA	NA	TRUE
ENSG00000182405	95.591	0.753	0.203	3.711	0.000206802929351422	0.00739534617476519	120.58	121.49	117.7	82.86	63.77	67.15	PGBD4	piggyBac	transposable	TRUE
ENSG00000150627	361.905	0.436	0.118	3.704	0.00021207380442497	0.00756146334538235	361.74	437.12	450.58	302.02	293.53	326.45	WDR17	WD	repeat	TRUE
ENSG00000118873	2560.512	0.298	0.081	3.698	0.000217164889419071	0.00766520020281864	2459.47	2814.63	3198.18	2326.72	2151.85	2412.22	RAB3GAP2	RAB3	GTPase	TRUE
ENSG00000152818	4137.791	0.243	0.066	3.681	0.000232717352804496	0.00810620934682405	4040.21	4568.8	4849.68	3841.16	3603.28	3923.61	UTRN	utrophin	actin	TRUE
ENSG00000143674	4011.723	0.201	0.055	3.659	0.000252974819457317	0.00868510463412084	4129.4	4231.59	4509.45	3779.02	3584.05	3836.83	MAP3K21	mitogen-activated	protein	TRUE
ENSG00000171858	6915.791	-0.203	0.056	-3.648	0.000263899550432276	0.00893488477892134	6559.14	6411.54	6321.87	7331.25	7955.56	6915.39	RPS21	ribosomal	protein	TRUE
ENSG00000066777	2458.154	0.241	0.066	3.635	0.000277708356879863	0.00921350861858682	2489.2	2626.15	2872.66	2320.18	2121.48	2319.25	ARFGEF1	ADP	ribosylation	TRUE
ENSG00000072682	1537.75	-0.228	0.063	-3.633	0.000280579816792031	0.00926603345782863	1437.03	1451.03	1361.85	1652.91	1635.65	1688.04	P4HA2	prolyl	4-hydroxylase	TRUE
ENSG00000174111	139.163	0.629	0.173	3.628	0.000285946262682411	0.0093411688568711	153.61	161.23	192.18	113.39	115.39	99.17	NA	NA	NA	TRUE
ENSG00000127922	3999.806	-0.197	0.054	-3.626	0.000287969663348714	0.00938191191616147	3871.73	3685.47	3623.93	4134.46	4485.88	4197.37	SEM1	SEM1	26S	TRUE
ENSG00000146731	18448.858	-0.161	0.045	-3.589	0.00033157351193375	0.0104367943717272	17512.8	16777.63	17971.58	19361.74	19115.61	19953.79	CCT6A	chaperonin	containing	TRUE
ENSG00000198399	2141.926	0.265	0.074	3.569	0.00035822195951658	0.0109894132606013	2119.21	2338.9	2556.33	1974.55	1804.68	2057.88	ITSN2	intersectin	2	TRUE
ENSG00000179010	7883.452	-0.169	0.047	-3.566	0.000362395489037823	0.011005714261307	7687.3	7190.41	7384.86	8228.57	8227.83	8581.73	MRFAP1	Morf4	family	TRUE
ENSG00000198265	1963.054	0.216	0.061	3.567	0.000361711498761758	0.011005714261307	2021.76	2111.82	2196.79	1853.53	1832.01	1762.42	HELZ	helicase	with	TRUE
ENSG00000205885	807.05	0.306	0.086	3.562	0.000368477158207073	0.0111066917986257	848.18	961.67	868.05	785.02	689.28	690.09	C1RL-AS1	C1RL	antisense	TRUE
ENSG00000259953	130.809	-0.638	0.18	-3.55	0.000385068040557554	0.011492141743751	120.58	84.02	101.15	159.19	165.99	153.93	AL138756.1	NA	NA	TRUE
ENSG00000103485	5082.802	-0.192	0.054	-3.548	0.000388042337265929	0.0115483719488138	5027.96	4567.67	4634.5	5262.93	5625.57	5378.17	QPRT	quinolinate	phosphoribosyltransferase	TRUE
ENSG00000108510	3278.38	0.232	0.065	3.546	0.000391366956634041	0.0115483719488138	3277.09	3507.21	3839.1	3109.57	2838.09	3099.22	MED13	mediator	complex	TRUE
ENSG00000146247	2064.897	0.271	0.076	3.547	0.000390346250763699	0.0115483719488138	1998.63	2379.77	2399.09	1905.86	1730.79	1975.23	PHIP	pleckstrin	homology	TRUE
ENSG00000155111	1324.833	0.252	0.071	3.522	0.000427832126599802	0.0122122697957734	1323.89	1527.1	1472.19	1196.07	1201.43	1228.32	CDK19	cyclin	dependent	TRUE
ENSG00000112414	4967.512	0.224	0.064	3.512	0.00044425530338166	0.0126346208281744	4836.36	5564.54	5656.12	4716.68	4337.1	4694.28	ADGRG6	adhesion	G	TRUE
ENSG00000204186	1208.938	0.309	0.088	3.51	0.00044894975997975	0.0127381590349184	1149.63	1434	1432.65	1115.39	997.99	1123.98	ZDBF2	zinc	finger	TRUE
ENSG00000160932	1628.669	-0.259	0.074	-3.5	0.000464593273780848	0.0130593927911375	1522.92	1515.74	1410.58	1723.78	1961.56	1637.42	LY6E	lymphocyte	antigen	TRUE
ENSG00000198856	1929.691	-0.203	0.058	-3.499	0.000467602658822714	0.0131130326601031	1832.63	1750.77	1798.63	2035.61	2084.03	2076.48	OSTC	oligosaccharyltransferase	complex	TRUE
ENSG00000091039	4155.092	0.282	0.081	3.485	0.00049266727522041	0.0134421430148738	3882.47	4817.45	4980.25	3634.01	3522.31	4094.07	OSBPL8	oxysterol	binding	TRUE
ENSG00000169504	5891.163	0.22	0.063	3.478	0.000504649833069585	0.0134651270028964	5886.88	6251.45	6880.95	5455.91	5112.41	5759.38	CLIC4	chloride	intracellular	TRUE
ENSG00000068796	1607.868	0.271	0.078	3.476	0.000508377439000104	0.0135347094828067	1574.95	1814.35	1887.83	1514.44	1339.08	1516.55	KIF2A	kinesin	family	TRUE
ENSG00000205726	2640.156	0.199	0.057	3.463	0.000534398598674647	0.0140419040482184	2720.45	2769.21	2976.57	2419.4	2516.22	2439.08	ITSN1	intersectin	1	TRUE
ENSG00000171634	3819.518	0.192	0.056	3.461	0.000539081860128094	0.0140428500934661	3865.95	4066.96	4289.68	3536.97	3478.79	3678.77	BPTF	bromodomain	PHD	TRUE
ENSG00000100697	1928.937	0.294	0.085	3.456	0.000547555524040353	0.0141416743997345	1817.76	2212.87	2345.76	1782.66	1587.06	1827.5	DICER1	dicer	1,	TRUE
ENSG00000198648	2921.298	-0.194	0.056	-3.452	0.000557251578685255	0.0142399573606103	2675.85	2841.88	2658.4	3185.89	2980.8	3184.96	STK39	serine/threonine	kinase	TRUE
ENSG00000179295	15635.451	0.211	0.061	3.448	0.000565311876195644	0.0143548837133965	15253.19	17181.83	17905.37	14399.73	13705.63	15366.95	PTPN11	protein	tyrosine	TRUE
ENSG00000172380	11902.265	0.218	0.063	3.442	0.000577165752886249	0.0145640969835827	11443.4	13196.62	13760.99	11192.04	10449.52	11371.03	GNG12	G	protein	TRUE
ENSG00000118263	1227.871	0.258	0.075	3.427	0.000610733454840132	0.0152204850900055	1210.74	1413.56	1390.35	1149.19	1107.3	1096.09	KLF7	Kruppel	like	TRUE
ENSG00000078403	1584.446	0.211	0.062	3.419	0.000629661097690416	0.0155320687505797	1650.94	1699.68	1749.89	1464.29	1464.59	1477.29	MLLT10	MLLT10	histone	TRUE
ENSG00000115808	1597.673	0.3	0.088	3.412	0.000644169021265487	0.0156977237097499	1490.71	1862.04	1939.32	1422.86	1340.1	1531.01	STRN	striatin	protein	TRUE
ENSG00000014123	1320.683	0.291	0.085	3.41	0.000649935147550968	0.0157966012003335	1255.34	1507.8	1598.17	1203.7	1121.47	1237.62	UFL1	UFM1	specific	TRUE
ENSG00000101596	1916.681	0.236	0.07	3.395	0.000685886906911997	0.0162775134834195	1912.74	2075.49	2231.73	1816.46	1660.95	1802.71	SMCHD1	structural	maintenance	TRUE
ENSG00000263244	1283.178	-0.323	0.095	-3.396	0.000684290178097066	0.0162775134834195	1356.92	980.98	1078.63	1407.59	1504.07	1370.89	AC087190.3	NA	NA	TRUE
ENSG00000163848	1288.786	0.258	0.076	3.393	0.000692467157556566	0.0163473643230199	1272.68	1470.33	1470.35	1163.36	1121.47	1234.52	ZNF148	zinc	finger	TRUE
ENSG00000153317	8285.735	0.167	0.049	3.389	0.000701730356202662	0.0165015852440109	8400.86	8651.66	9242.34	7707.41	7842.2	7869.94	ASAP1	ArfGAP	with	TRUE
ENSG00000113712	2157.336	0.223	0.066	3.38	0.000725959267158325	0.0169068779617393	2192.71	2391.13	2388.06	2023.62	1845.16	2103.34	CSNK1A1	casein	kinase	TRUE
ENSG00000169554	1269.101	0.243	0.072	3.379	0.000727615284965309	0.0169128575949532	1268.55	1402.2	1457.48	1157.91	1153.86	1174.6	ZEB2	zinc	finger	TRUE
ENSG00000065534	9343.57	0.189	0.056	3.377	0.000733339301787386	0.0169805979706976	9117.72	10425.14	10322.81	8839.15	8501.11	8855.5	MYLK	myosin	light	TRUE
ENSG00000106546	1105.47	0.336	0.1	3.372	0.000745112124493943	0.017150697170824	1047.22	1258.01	1396.79	940.94	891.71	1098.16	AHR	aryl	hydrocarbon	TRUE
ENSG00000164023	1342.894	0.319	0.095	3.37	0.000752180659093541	0.0172516273746938	1291.68	1498.71	1682.77	1131.74	1102.24	1350.23	SGMS2	sphingomyelin	synthase	TRUE
ENSG00000198589	3530.61	0.205	0.061	3.364	0.000767070828194922	0.0174935567931925	3462.92	3898.92	3985.31	3203.33	3258.14	3375.05	LRBA	LPS	responsive	TRUE
ENSG00000111266	1123.717	0.241	0.072	3.364	0.000769046217456166	0.0175034290975064	1146.32	1252.33	1255.18	1054.33	999	1035.14	DUSP16	dual	specificity	TRUE
ENSG00000105974	26220.237	0.16	0.048	3.357	0.00078908529040566	0.0176951278388371	26681.73	27485.48	28854.39	23712.08	25134.91	25452.83	CAV1	caveolin	1	TRUE
ENSG00000198862	1998.894	0.28	0.083	3.351	0.00080535013282322	0.0180103795416919	1907.78	2210.6	2458.86	1829.54	1661.96	1924.61	LTN1	listerin	E3	TRUE
ENSG00000196712	4640.525	0.193	0.058	3.34	0.000837152004079729	0.018566341785893	4566.29	5030.91	5256.12	4349.25	4251.06	4389.52	NF1	neurofibromin	1	TRUE
ENSG00000197961	442.363	-0.399	0.12	-3.328	0.000875723548519352	0.0191269020519386	459.19	321.31	361.38	527.71	496.97	487.61	ZNF121	zinc	finger	TRUE
ENSG00000247627	121.903	0.717	0.215	3.326	0.000879986126958301	0.0191646708406216	189.95	133.98	130.58	66.51	116.4	94.01	MTND4P12	MT-ND4	pseudogene	TRUE
ENSG00000139793	2023.37	0.254	0.077	3.32	0.000898593075303539	0.0194298649395239	1911.91	2315.06	2378.86	1805.55	1826.94	1901.89	MBNL2	muscleblind	like	TRUE
ENSG00000105438	3059.467	-0.196	0.059	-3.318	0.000905666009668992	0.0195129858446865	2967.39	2824.85	2763.23	3132.46	3480.81	3188.06	KDELR1	KDEL	endoplasmic	TRUE
ENSG00000106692	1489.204	0.233	0.07	3.31	0.000932684240214533	0.01991475694517	1521.27	1550.94	1755.41	1387.97	1371.47	1348.16	FKTN	fukutin	protein	TRUE
ENSG00000108021	3223.951	0.23	0.07	3.306	0.000946474866366641	0.0199976394289072	3167.25	3502.67	3771.97	3044.15	2742.95	3114.71	TASOR2	transcription	activation	TRUE
ENSG00000179242	213.259	-0.465	0.141	-3.3	0.000966656544797698	0.020144789063741	171.78	183.93	182.07	274.76	246.97	220.04	CDH4	cadherin	4	TRUE
ENSG00000114450	869.811	0.335	0.102	3.296	0.000981070242384547	0.0203051301707226	805.23	1021.85	1085.06	787.2	706.49	813.03	GNB4	G	protein	TRUE
ENSG00000249264	69.638	0.847	0.257	3.292	0.000994080897832935	0.0205041908056428	99.11	78.34	91.03	38.16	68.83	42.36	EEF1A1P9	eukaryotic	translation	TRUE
ENSG00000129317	567.149	0.402	0.122	3.288	0.00100871933665356	0.0207001538576087	511.22	697.13	730.12	496.09	433.2	535.13	PUS7L	pseudouridine	synthase	TRUE
ENSG00000132356	2518.672	0.249	0.076	3.288	0.00100759065205531	0.0207001538576087	2460.3	2836.2	2912.2	2306.01	2092.13	2505.2	PRKAA1	protein	kinase	TRUE
ENSG00000179195	10107.941	0.178	0.054	3.289	0.00100700845780575	0.0207001538576087	10349.11	10361.55	11478.68	9290.54	9242.01	9925.76	ZNF664	zinc	finger	TRUE
ENSG00000102265	1102.306	-0.249	0.076	-3.287	0.00101164360192069	0.0207249766379922	1038.13	1030.93	954.49	1120.84	1280.38	1189.07	TIMP1	TIMP	metallopeptidase	TRUE
ENSG00000137145	1666.937	0.212	0.065	3.279	0.00104073294046906	0.0211773384704537	1731.87	1780.29	1855.64	1607.12	1459.53	1567.17	DENND4C	DENN	domain	TRUE
ENSG00000145390	1007.206	0.248	0.076	3.272	0.00106722927586567	0.0213923719027999	1025.74	1093.38	1162.3	951.84	898.8	911.17	USP53	ubiquitin	specific	TRUE
ENSG00000101974	1332.379	0.244	0.075	3.263	0.00110380318039474	0.021886627714142	1323.06	1506.66	1506.21	1224.42	1149.81	1284.11	ATP11C	ATPase	phospholipid	TRUE
ENSG00000089916	1720.558	0.216	0.067	3.253	0.0011401395312928	0.0224079130320911	1782.25	1807.54	1957.71	1613.66	1502.04	1660.15	GPATCH2L	G-patch	domain	TRUE
ENSG00000172123	1005.7	0.266	0.082	3.25	0.00115590798086706	0.0225955573088996	978.67	1152.42	1165.06	909.32	890.7	938.03	SLFN12	schlafen	family	TRUE
ENSG00000104517	3482.061	0.182	0.056	3.248	0.00116314141219157	0.0226349017626849	3545.51	3795.6	3762.78	3387.6	3101.25	3299.63	UBR5	ubiquitin	protein	TRUE
ENSG00000061676	9909.371	0.214	0.066	3.246	0.00117237153389433	0.0226633579500019	9554.61	10975.8	11398.68	9260.01	8532.49	9734.64	NCKAP1	NCK	associated	TRUE
ENSG00000101745	1190.824	0.258	0.08	3.232	0.00122945171035762	0.023401115042114	1157.06	1337.49	1398.63	1035.8	1098.19	1117.78	ANKRD12	ankyrin	repeat	TRUE
ENSG00000164506	525.342	0.331	0.102	3.232	0.00123062162269803	0.023401115042114	533.52	619.92	603.22	516.81	427.13	451.45	STXBP5	syntaxin	binding	TRUE
ENSG00000204120	2737.257	0.176	0.055	3.23	0.00123916575748839	0.0234761700795645	2831.94	2898.65	2982.08	2577.49	2498.01	2635.37	GIGYF2	GRB10	interacting	TRUE
ENSG00000132466	3422.124	0.197	0.061	3.222	0.00127152698563409	0.0239019388419272	3373.72	3774.03	3822.55	3161.9	3067.85	3332.69	ANKRD17	ankyrin	repeat	TRUE
ENSG00000170832	1745.996	0.228	0.071	3.217	0.00129666396338378	0.0242612652096281	1693.88	1984.66	1974.26	1639.83	1577.95	1605.39	USP32	ubiquitin	specific	TRUE
ENSG00000179331	101.605	0.644	0.201	3.209	0.00133390596615518	0.0246527850350423	111.49	137.38	123.22	83.95	66.8	86.78	RAB39A	RAB39A,	member	TRUE
ENSG00000159423	377.563	-0.349	0.109	-3.207	0.0013417517046484	0.0247599280215042	348.52	341.75	306.21	397.96	447.37	423.56	ALDH4A1	aldehyde	dehydrogenase	TRUE
ENSG00000155545	688.257	0.294	0.092	3.206	0.00134432120656092	0.0247695280849114	693.74	758.44	822.99	620.39	575.92	658.07	MIER3	MIER	family	TRUE
ENSG00000100804	2601.916	-0.173	0.054	-3.203	0.00136184388595944	0.0249725319252505	2499.94	2447.9	2389.9	2799.92	2769.26	2704.58	PSMB5	proteasome	subunit	TRUE
ENSG00000197956	26425.666	-0.181	0.057	-3.202	0.00136658952975014	0.0249893610379576	26563.63	24480.11	23251.61	28774.39	29146.09	26338.18	S100A6	S100	calcium	TRUE
ENSG00000126016	1641.135	0.209	0.065	3.196	0.00139319871785634	0.0253608326848336	1666.63	1758.72	1854.72	1517.71	1478.76	1570.27	AMOT	angiomotin	protein	TRUE
ENSG00000158691	323.663	0.364	0.114	3.195	0.00139865345402907	0.0254218410509014	350.17	362.19	380.69	266.04	288.46	294.43	ZSCAN12	zinc	finger	TRUE
ENSG00000178567	644.909	0.266	0.083	3.192	0.00141516308880867	0.02557301264814	698.7	706.21	708.05	575.68	599.2	581.62	EPM2AIP1	EPM2A	interacting	TRUE
ENSG00000048052	998.61	0.308	0.097	3.185	0.00144560745029469	0.0258865318392156	973.71	1171.72	1170.58	912.59	769.24	993.82	HDAC9	histone	deacetylase	TRUE
ENSG00000157625	1711.763	0.232	0.073	3.179	0.00147587743665261	0.0260422344187155	1731.05	1808.67	2007.37	1523.16	1506.09	1694.24	TAB3	TGF-beta	activated	TRUE
ENSG00000174939	1223.855	-0.234	0.074	-3.177	0.00148855227349862	0.0262275966906383	1157.06	1150.15	1067.59	1311.64	1418.03	1238.65	ASPHD1	aspartate	beta-hydroxylase	TRUE
ENSG00000133858	1978.022	0.185	0.058	3.174	0.00150283684705861	0.0264407408593849	2030.01	2128.85	2156.33	1849.17	1840.1	1863.66	ZFC3H1	zinc	finger	TRUE
ENSG00000125686	2852.507	0.223	0.07	3.17	0.00152230968475864	0.0266008547005116	2736.14	3174.55	3307.6	2639.64	2509.14	2747.97	MED1	mediator	complex	TRUE
ENSG00000112210	758.931	0.253	0.08	3.162	0.00156803051514871	0.0269979953904817	797.8	823.16	855.18	695.62	670.05	711.79	RAB23	RAB23,	member	TRUE
ENSG00000174373	292.175	0.372	0.118	3.162	0.00156773376873108	0.0269979953904817	316.31	338.35	334.71	262.76	256.08	244.84	RALGAPA1	Ral	GTPase	TRUE
ENSG00000164327	962.431	0.249	0.079	3.156	0.00160191986146342	0.027309457497191	981.97	1059.32	1095.18	925.67	818.84	893.61	RICTOR	RPTOR	independent	TRUE
ENSG00000161048	967.44	0.253	0.081	3.145	0.0016629326320784	0.0280332869231962	962.15	1075.21	1120.92	850.44	929.16	866.75	NAPEPLD	N-acyl	phosphatidylethanolamine	TRUE
ENSG00000079332	4309.836	-0.164	0.052	-3.14	0.00168805241444481	0.028275867032088	4074.07	3955.69	4162.78	4585.85	4353.29	4727.34	SAR1A	secretion	associated	TRUE
ENSG00000143970	2456.568	0.255	0.081	3.14	0.00169183905938179	0.0282838986317395	2338.07	2771.48	2910.36	2212.24	2051.64	2455.61	ASXL2	ASXL	transcriptional	TRUE
ENSG00000162613	3833.782	0.186	0.06	3.13	0.0017493143563099	0.0290439047042826	3753.63	4156.66	4334.73	3534.79	3566.84	3656.04	FUBP1	far	upstream	TRUE
ENSG00000196507	353.77	-0.337	0.108	-3.129	0.00175626629094333	0.0291193287498382	306.4	315.64	316.32	379.43	396.77	408.06	TCEAL3	transcription	elongation	TRUE
ENSG00000176046	3016.776	0.234	0.075	3.128	0.00176101307086207	0.0291580342294655	3406.76	3107.56	3268.98	2408.5	3064.81	2844.05	NUPR1	nuclear	protein	TRUE
ENSG00000034152	1003.199	-0.223	0.071	-3.127	0.00176475154851232	0.0291799616509827	937.37	920.8	918.63	1095.76	1104.26	1042.37	MAP2K3	mitogen-activated	protein	TRUE
ENSG00000154380	8702.673	0.186	0.06	3.123	0.00178886093344218	0.0295381995936006	8509.05	9424.86	9858.44	7838.24	7974.79	8610.66	ENAH	ENAH	actin	TRUE
ENSG00000164323	2013.628	0.239	0.076	3.123	0.00179140643698329	0.0295398766764216	1945.77	2174.27	2420.24	1834.99	1758.12	1948.37	CFAP97	cilia	and	TRUE
ENSG00000169905	1695.509	-0.224	0.072	-3.115	0.00183971312739455	0.0301309113425716	1670.76	1390.85	1626.67	1855.71	1805.69	1823.37	TOR1AIP2	torsin	1A	TRUE
ENSG00000107771	1594.372	0.213	0.068	3.111	0.00186237108749917	0.0304195666683818	1611.29	1722.38	1803.23	1423.95	1441.31	1564.07	CCSER2	coiled-coil	serine	TRUE
ENSG00000088756	125.514	0.564	0.181	3.109	0.00188006754378681	0.0305435166690204	137.92	154.41	157.24	91.59	93.12	118.8	ARHGAP28	Rho	GTPase	TRUE
ENSG00000166681	2812.352	-0.174	0.056	-3.105	0.00190147511311154	0.0308084848420632	2655.21	2744.23	2531.51	2940.57	3077.97	2924.63	BEX3	brain	expressed	TRUE
ENSG00000152234	12003.31	-0.132	0.043	-3.103	0.00191579095616799	0.0309161085276402	11567.28	11234.67	11555	12299.79	12741.04	12622.08	ATP5F1A	ATP	synthase	TRUE
ENSG00000203832	234.371	-0.487	0.157	-3.101	0.00192545178077113	0.0309892618830635	251.89	163.5	168.28	271.49	278.34	272.73	NA	NA	NA	TRUE
ENSG00000145734	1603.411	0.238	0.077	3.096	0.00195857233606442	0.0313138410396967	1557.61	1722.38	1926.45	1495.91	1415	1503.12	BDP1	B	double	TRUE
ENSG00000229344	116.423	0.597	0.193	3.09	0.0020015286064512	0.031832205613389	156.09	137.38	126.9	88.32	111.34	78.51	MTCO2P12	MT-CO2	pseudogene	TRUE
ENSG00000136144	1577.259	0.207	0.067	3.087	0.00202349895054101	0.0320550875690553	1651.76	1597.49	1820.7	1461.02	1464.59	1468	RCBTB1	RCC1	and	TRUE
ENSG00000188647	2165.07	0.225	0.073	3.081	0.0020598526793897	0.0323752597954258	2149.77	2312.79	2538.86	1888.42	1934.23	2166.35	PTAR1	protein	prenyltransferase	TRUE
ENSG00000168653	3189.738	-0.163	0.053	-3.068	0.00215217952237011	0.0335656695314677	3054.93	3031.49	2943.46	3341.8	3493.97	3272.77	NDUFS5	NADH:ubiquinone	oxidoreductase	TRUE
ENSG00000185900	90.22	0.743	0.243	3.058	0.00222873307454264	0.0345811253812541	79.28	140.79	119.54	65.42	53.64	82.65	POMK	protein-O-mannose	kinase	TRUE
ENSG00000085491	2248.641	0.234	0.077	3.057	0.00223453991723297	0.034626774332814	2189.41	2458.12	2646.45	2071.59	1890.71	2235.57	SLC25A24	solute	carrier	TRUE
ENSG00000164291	209.318	0.427	0.14	3.056	0.00224586719305369	0.0347132950926343	251.89	214.59	252.87	176.63	180.16	179.75	ARSK	arylsulfatase	family	TRUE
ENSG00000267427	535.324	-0.28	0.092	-3.053	0.00226891940310673	0.0348911308210573	494.7	473.46	481.84	587.68	616.4	557.86	NA	NA	NA	TRUE
ENSG00000100393	1882.528	0.233	0.076	3.049	0.00229585154063864	0.0351710213479967	1834.28	2041.43	2228.06	1722.69	1616.42	1852.3	EP300	E1A	binding	TRUE
ENSG00000134744	1619.227	0.212	0.069	3.049	0.00229875956522854	0.0351710213479967	1650.94	1760.99	1801.39	1621.29	1423.09	1457.66	TUT4	terminal	uridylyl	TRUE
ENSG00000118496	925.603	0.265	0.087	3.047	0.00230760542378782	0.0352275592731487	912.6	980.98	1137.48	833	825.92	863.65	FBXO30	F-box	protein	TRUE
ENSG00000198744	79.005	0.785	0.258	3.047	0.00230828385408569	0.0352275592731487	133.79	84.02	81.84	44.7	73.89	55.79	MTCO3P12	MT-CO3	pseudogene	TRUE
ENSG00000151239	6241.384	0.194	0.064	3.043	0.00234332888645905	0.0354776086715114	6146.2	6938.36	6901.18	5760.11	5408.97	6293.48	TWF1	twinfilin	actin	TRUE
ENSG00000140553	1893.816	-0.18	0.059	-3.041	0.00235893118809268	0.0356405015880953	1804.55	1803	1719.55	2049.78	2029.38	1956.64	UNC45A	unc-45	myosin	TRUE
ENSG00000144426	585.011	0.618	0.204	3.03	0.0024479361052383	0.0366190639901179	559.95	783.42	782.53	501.54	381.58	501.04	NBEAL1	neurobeachin	like	TRUE
ENSG00000162636	511.172	0.301	0.099	3.028	0.00246003252306462	0.0366638879238989	510.39	587	596.78	447.03	440.29	485.54	FAM102B	family	with	TRUE
ENSG00000147509	739.003	-0.242	0.08	-3.026	0.00247965657663403	0.0368201585279798	677.22	675.56	678.62	828.64	770.25	803.73	RGS20	regulator	of	TRUE
ENSG00000136051	10004	0.201	0.067	3.024	0.00249226918001009	0.0369167372288995	9773.47	10740.77	11590.86	9350.5	8551.72	10016.67	WASHC4	WASH	complex	TRUE
ENSG00000273373	93.29	-0.808	0.268	-3.011	0.00260262349600524	0.0377193167820327	108.19	48.82	45.06	130.84	121.46	105.37	AL355488.1	NA	NA	TRUE
ENSG00000107223	2426.486	-0.202	0.067	-3.005	0.00265558570988486	0.038257526192346	2386.8	2196.98	2184.84	2492.45	2837.08	2460.78	EDF1	endothelial	differentiation	TRUE
ENSG00000164300	186.203	0.489	0.163	3.005	0.00265543463528778	0.038257526192346	175.09	230.48	247.36	161.37	138.67	164.26	SERINC5	serine	incorporator	TRUE
ENSG00000140199	409.651	0.36	0.12	3.002	0.00267791349796689	0.0384417345010996	393.95	476.86	511.27	388.15	316.81	370.87	SLC12A6	solute	carrier	TRUE
ENSG00000228502	124.034	0.584	0.195	3.002	0.00268444048725359	0.0384897178759598	176.74	116.94	151.72	105.76	107.29	85.74	EEF1A1P11	eukaryotic	translation	TRUE
ENSG00000145362	3072.695	0.201	0.067	2.998	0.00271871556113608	0.0387513148436932	3066.49	3222.23	3570.59	2746.49	2764.2	3066.16	ANK2	ankyrin	2	TRUE
ENSG00000118007	1890.296	0.196	0.065	2.99	0.00279264757104129	0.0394792177674574	1949.9	1969.9	2134.26	1766.3	1666.01	1855.4	STAG1	stromal	antigen	TRUE
ENSG00000132953	1658.378	0.232	0.078	2.982	0.00285916414229041	0.0401845546370514	1595.6	1830.25	1950.35	1538.43	1427.14	1608.49	XPO4	exportin	4	TRUE
ENSG00000196865	940.607	0.305	0.102	2.976	0.0029236733591708	0.0409483660397421	849.83	1191.02	1080.46	852.62	787.46	882.24	NHLRC2	NHL	repeat	TRUE
ENSG00000136874	660.284	0.3	0.101	2.974	0.00293998940981211	0.041129226847684	635.93	753.9	797.25	600.76	535.43	638.44	STX17	syntaxin	17	TRUE
ENSG00000168769	494.321	0.277	0.093	2.964	0.003032098899913	0.0421335901231967	523.61	546.12	555.4	447.03	442.31	451.45	TET2	tet	methylcytosine	TRUE
ENSG00000173812	12370.322	-0.159	0.054	-2.963	0.00304381456063909	0.0421910396725283	12254.42	11146.11	11667.18	12448.08	13839.23	12866.91	EIF1	eukaryotic	translation	TRUE
ENSG00000151233	2477.572	0.207	0.07	2.956	0.0031145368803449	0.0428763180782788	2451.21	2622.75	2891.97	2280.93	2163.99	2454.58	GXYLT1	glucoside	xylosyltransferase	TRUE
ENSG00000242588	286.746	0.358	0.121	2.956	0.0031212026788415	0.0429191999762881	326.22	334.94	305.29	266.04	231.78	256.2	AC108010.1	NA	NA	TRUE
ENSG00000092871	838.105	-0.228	0.077	-2.948	0.00320328239869404	0.043749236557079	792.85	780.01	742.99	895.15	877.54	940.1	RFFL	ring	finger	TRUE
ENSG00000104093	1289.712	0.221	0.075	2.946	0.00321523329184121	0.0437641045027981	1289.2	1363.6	1512.65	1187.35	1144.75	1240.72	DMXL2	Dmx	like	TRUE
ENSG00000146648	15103.499	0.133	0.045	2.947	0.0032123636885098	0.0437641045027981	15286.23	15708.1	16405.6	14171.86	14336.2	14713.01	EGFR	epidermal	growth	TRUE
ENSG00000111912	492.161	0.291	0.099	2.944	0.00323495530793585	0.0438842927127055	509.57	548.39	567.36	440.49	411.95	475.21	NCOA7	nuclear	receptor	TRUE
ENSG00000189079	1771.091	0.214	0.073	2.942	0.00326015929364071	0.044127150484026	1731.05	1978.98	1999.09	1532.98	1644.76	1739.69	ARID2	AT-rich	interaction	TRUE
ENSG00000065060	1176.43	0.219	0.075	2.941	0.00327342450299566	0.0442479035738048	1189.27	1264.82	1343.45	1070.69	1038.47	1151.88	UHRF1BP1	UHRF1	binding	TRUE
ENSG00000185728	2512.208	0.21	0.071	2.94	0.0032813271363716	0.0442649565818342	2494.99	2652.27	2937.03	2313.64	2167.03	2508.3	YTHDF3	YTH	N6-methyladenosine	TRUE
ENSG00000242485	1220.5	-0.215	0.073	-2.94	0.00328540564891453	0.0442695214191357	1219	1057.05	1110.81	1319.28	1345.16	1271.71	MRPL20	mitochondrial	ribosomal	TRUE
ENSG00000164190	2199.883	0.206	0.07	2.937	0.00331029515015432	0.0444089936548706	2145.64	2340.04	2584.84	2046.51	1970.67	2111.6	NIPBL	NIPBL	cohesin	TRUE
ENSG00000030066	1743.544	0.205	0.07	2.935	0.00333124560904675	0.0445406699961814	1703.79	1946.06	1953.11	1692.16	1560.75	1605.39	NUP160	nucleoporin	160	TRUE
ENSG00000082805	4062.774	0.188	0.064	2.931	0.00338074766278846	0.0449064435527152	3885.77	4521.12	4576.57	3873.87	3670.08	3849.23	ERC1	ELKS/RAB6-interacting/CAST	family	TRUE
ENSG00000111799	2641.495	0.216	0.074	2.93	0.00338455831662095	0.0449064435527152	2634.56	2776.02	3105.3	2408.5	2253.06	2671.52	COL12A1	collagen	type	TRUE
ENSG00000115295	3006.594	0.181	0.062	2.931	0.00337562854546103	0.0449064435527152	3111.92	3126.86	3345.3	2787.92	2643.76	3023.8	CLIP4	CAP-Gly	domain	TRUE
ENSG00000116586	1160.318	-0.23	0.078	-2.932	0.00337159169625395	0.0449064435527152	1141.37	1017.31	1043.68	1277.84	1337.06	1144.64	LAMTOR2	late	endosomal/lysosomal	TRUE
ENSG00000260912	130.295	-0.531	0.181	-2.929	0.00339806667791385	0.0450355613332727	109.02	88.56	121.38	138.47	151.82	172.52	AL158206.1	NA	NA	TRUE
ENSG00000165502	2669.875	-0.159	0.054	-2.929	0.00340379314519762	0.0450620457239908	2611.43	2496.72	2458.86	2809.73	2856.31	2786.2	RPL36AL	ribosomal	protein	TRUE
ENSG00000167283	2720.066	-0.157	0.054	-2.924	0.00345441612201186	0.0452858217643789	2614.74	2565.98	2536.1	2871.88	2939.31	2792.39	ATP5MG	ATP	synthase	TRUE
ENSG00000169021	1583.488	-0.192	0.066	-2.922	0.00347519627739686	0.0454359471777424	1541.09	1480.55	1413.34	1610.39	1753.06	1702.5	UQCRFS1	ubiquinol-cytochrome	c	TRUE
ENSG00000078618	4943.031	-0.143	0.049	-2.921	0.00348820351991608	0.0454821099732747	4823.97	4560.85	4707.15	5104.83	5325.97	5135.4	NRDC	nardilysin	convertase	TRUE
ENSG00000171100	303.946	0.351	0.12	2.92	0.00349880124082984	0.0455711321098171	326.22	332.67	363.22	255.13	253.04	293.39	MTM1	myotubularin	1	TRUE
ENSG00000166450	1220.315	0.236	0.081	2.918	0.0035265293600082	0.0458828421683737	1209.09	1340.89	1410.58	1064.14	1067.83	1229.36	PRTG	protogenin	signaling	TRUE
ENSG00000164749	346.004	0.331	0.113	2.917	0.00353563584299546	0.0459518606820281	356.78	397.39	402.76	321.64	283.4	314.05	HNF4G	hepatocyte	nuclear	TRUE
ENSG00000228742	675.366	0.274	0.094	2.904	0.00367859207313795	0.0473012153064026	716.04	760.71	742.07	544.06	598.19	691.13	LINC02577	long	intergenic	TRUE
ENSG00000004534	1830.184	-0.198	0.068	-2.901	0.00371896702891406	0.047718847641703	1860.71	1614.52	1635.87	1972.37	2007.11	1890.52	RBM6	RNA	binding	TRUE
ENSG00000075407	640.354	0.268	0.092	2.899	0.00374716754566872	0.0479788285217138	633.45	701.67	764.14	597.49	564.78	580.59	ZNF37A	zinc	finger	TRUE
ENSG00000026652	1783.229	-0.189	0.066	-2.887	0.00389272854603485	0.0495277999325508	1749.22	1612.25	1635.87	1947.29	1972.7	1782.05	AGPAT4	1-acylglycerol-3-phosphate	O-acyltransferase	TRUE
gene_name	NA	NA	NA	NA	NA	NA	NA	NA	NA	NA	NA	NA	NA	NA	NA	NA
gene_name	NA	NA	NA	NA	NA	NA	NA	NA	NA	NA	NA	NA	NA	NA	NA	NA
gene_name	NA	NA	NA	NA	NA	NA	NA	NA	NA	NA	NA	NA	NA	NA	NA	NA
gene_name	NA	NA	NA	NA	NA	NA	NA	NA	NA	NA	NA	NA	NA	NA	NA	NA
gene_name	NA	NA	NA	NA	NA	NA	NA	NA	NA	NA	NA	NA	NA	NA	NA	NA
gene_name	NA	NA	NA	NA	NA	NA	NA	NA	NA	NA	NA	NA	NA	NA	NA	NA
gene_name	NA	NA	NA	NA	NA	NA	NA	NA	NA	NA	NA	NA	NA	NA	NA	NA
gene_name	NA	NA	NA	NA	NA	NA	NA	NA	NA	NA	NA	NA	NA	NA	NA	NA
gene_name	NA	NA	NA	NA	NA	NA	NA	NA	NA	NA	NA	NA	NA	NA	NA	NA
